name,,,,,,,,
Black / Gold,,,,,,,,
Black / Orange,,,,,,,,
Black / Red,,,,,,,,
Bright White - Single Matte,,,,,,,,
Cream / Dark Brown,,,,,,,,
Cream / Dark Green,,,,,,,,
Cream / Midnight Blue,,,,,,,,
Cubs Blue / Red,,,,,,,,
Dark Green / Gold,,,,,,,,
Fog / Black,,,,,,,,
Granite Gray / Midnight Blue,,,,,,,,
Midnight Blue / Orange,,,,,,,,
Midnight Blue / Red,,,,,,,,
Midnight Blue / White,,,,,,,,
Navy Blue / Gold,,,,,,,,
White / Black,,,,,,,,
White / Dark Purple,,,,,,,,
White / Red,,,,,,,,
White / White,,,,,,,,